account_id,account_name,email_address,industry,sf_segment,annual_revenue,account_owner,created_date
SF-00001,Mr. Justin King,becky62@example.net,Technology,Mid-Market,28284423.6,Dawn Dean,2025-11-02
SF-00002,John Ford,blairjill@example.org,Technology,Mid-Market,22898099.71,Christopher Stone,2024-02-26
SF-00003,David Hansen,steelerichard@example.org,Technology,Enterprise,36873390.55,Richard Everett II,2024-07-18
SF-00004,Denise Moore,smithcindy@example.net,Technology,Enterprise,36740829.62,Amy Nunez,2025-04-26
SF-00005,Ryan Green,mitchellpaul@example.org,Retail,Mid-Market,11711794.58,Matthew Wright,2023-07-23
SF-00006,Jennifer Graham,elainewells@example.org,Healthcare,SMB,10342535.0,Joshua Thomas,2023-10-22
SF-00007,Lisa Holloway,phillip99@example.net,Technology,Mid-Market,46407298.17,Scott Luna,2025-11-28
SF-00008,Alan Mills,mserrano@example.org,Technology,Enterprise,41313665.38,Scott Potts,2025-07-12
SF-00009,Jennifer Smith,frankchan@example.com,Manufacturing,SMB,31078811.9,Cassandra Miller,2025-12-11
SF-00010,Matthew Rich,russellbeasley@example.com,Healthcare,Mid-Market,47400976.97,Robert Dunn,2023-05-30
SF-00011,Tina Robbins,vargasjoshua@example.net,Retail,SMB,22861798.84,Stacy Hunter,2025-11-12
SF-00012,Peter Vaughn DDS,bwest@example.org,Technology,Mid-Market,32125976.47,Derek Roman,2023-07-20
SF-00013,Alexandria Jimenez,astephens@example.net,Manufacturing,SMB,47882989.78,Carla Wilson,2023-04-24
SF-00014,Gary Turner,james92@example.net,Finance,Mid-Market,18208729.98,Gregory Miller,2025-08-13
SF-00015,Savannah Ibarra,james08@example.net,Healthcare,Enterprise,8405944.05,Michael Jackson,2024-02-28
SF-00016,Kelly Sherman,andrewzamora@example.net,Finance,SMB,27602982.23,Emily Smith,2025-08-18
SF-00017,Brent Hall,petersonkayla@example.net,Technology,SMB,8228721.71,John Cline,2024-03-08
SF-00018,David Hawkins DVM,nicole52@example.org,Technology,SMB,23275180.94,Donald Wood,2025-01-01
SF-00019,Michael Wilson,moralesmary@example.com,Finance,Enterprise,12452500.61,Jamie Bryant,2024-10-23
SF-00020,Donna Adams,taylorkaren@example.com,Technology,SMB,12387300.53,Mark Davies,2023-11-17
SF-00021,Heather Nunez,champton@example.org,Retail,Enterprise,18702517.43,Jose Booth,2025-03-27
SF-00022,James Hughes,brooksanthony@example.org,Technology,SMB,5447671.51,Jennifer Brown,2025-06-14
SF-00023,Alexander Harper,huangkimberly@example.org,Technology,Enterprise,21412143.95,Chad Jones,2023-06-18
SF-00024,Megan Ward,cantrellchristopher@example.com,Healthcare,Enterprise,11987294.31,Regina Perez,2024-12-02
SF-00025,Cheryl Moore,tjimenez@example.com,Healthcare,SMB,24055200.98,Tiffany Chandler PhD,2025-01-13
SF-00026,Brian Martin,twong@example.org,Finance,SMB,33762604.56,Victoria Ali,2023-07-16
SF-00027,Debra Smith,mary97@example.org,Finance,Enterprise,37196967.0,Nicole Fletcher,2023-05-26
SF-00028,Teresa Matthews,ahill@example.org,Finance,SMB,6468703.85,Michele Campbell,2024-03-07
SF-00029,Dr. Virginia Cunningham,michaelmitchell@example.net,Technology,SMB,6443443.7,Mr. Frederick Rice,2023-08-06
SF-00030,Elizabeth James,williamsonrobert@example.net,Technology,Mid-Market,9850868.89,Kathryn Roberts,2024-06-07
SF-00031,Austin Joseph,crawfordwilliam@example.org,Finance,SMB,40099427.21,Matthew Smith,2025-11-12
SF-00032,Anthony Frye,elizabeth65@example.net,Technology,SMB,43667063.94,Angelica Howard,2024-01-30
SF-00033,Richard Rodriguez,anthonyodom@example.net,Retail,Enterprise,16824478.06,Rachel Hudson,2025-11-11
SF-00034,Daniel Barton,dennis88@example.org,Finance,SMB,3004715.53,Ms. Kathy Pennington,2024-05-28
SF-00035,Heather Stephens,kcooper@example.net,Manufacturing,SMB,38894302.58,David Hutchinson,2023-06-14
SF-00036,Kristen Salazar,jonesraymond@example.net,Retail,SMB,12613097.2,Michael Thornton,2024-01-31
SF-00037,Julie Gross,zgomez@example.com,Technology,Mid-Market,37614905.41,Justin Oconnell,2023-12-22
SF-00038,Christine Henry,mcdonalddanielle@example.com,Manufacturing,SMB,44016739.73,Suzanne Morris,2025-12-24
SF-00039,Anthony Curtis,westashley@example.org,Technology,Enterprise,40349544.44,Antonio Padilla,2024-07-04
SF-00040,Gary Owens,clarkrobert@example.net,Finance,SMB,12560611.5,Gary Burns,2024-10-06
SF-00041,Jacob Mckee,brettgarrett@example.net,Healthcare,SMB,34390999.52,Kevin Fields,2024-06-02
SF-00042,Sean Murray,lopezmichael@example.com,Retail,SMB,7890058.06,Stacy Fitzgerald,2023-12-02
SF-00043,Kathleen Cohen,cmckinney@example.com,Retail,Enterprise,38432122.93,Tara Jackson,2024-06-13
SF-00044,Alexa Evans,krista66@example.net,Finance,Mid-Market,38456956.83,Jose Hendricks,2025-10-26
SF-00045,Kristin Watts,seanmyers@example.net,Retail,SMB,14988531.03,Madison Ferguson,2025-11-10
SF-00046,Benjamin Frost,whitemelissa@example.org,Retail,SMB,34100216.99,Brian Sullivan,2025-02-14
SF-00047,Beth Carroll,omiller@example.net,Finance,Mid-Market,45703190.31,Debbie Johnson,2025-02-06
SF-00048,Kenneth Williams,zbaker@example.net,Finance,SMB,12696684.69,Leonard Phillips,2024-04-28
SF-00049,Sara Caldwell,stacychan@example.org,Retail,SMB,48132153.6,Brian Robinson,2024-11-19
SF-00050,Susan Mccann,josechristian@example.org,Manufacturing,SMB,26441670.76,Melissa Kennedy,2024-09-21
SF-00051,Jessica Rojas,gonzalezjill@example.org,Retail,SMB,26092838.98,Tyler Hernandez,2023-09-27
SF-00052,Alisha Roberts,taylorkim@example.net,Retail,Mid-Market,45723559.16,Regina Cole,2024-05-25
SF-00053,Chelsea Gill,timothybooth@example.com,Technology,Mid-Market,1195410.08,Jill Hamilton,2025-02-28
SF-00054,Nicholas Hill,caseymoore@example.com,Manufacturing,SMB,41767631.75,Matthew Nelson,2024-11-01
SF-00055,Megan Joyce,brownjessica@example.org,Manufacturing,Mid-Market,34824633.81,Jorge Reynolds,2023-12-16
SF-00056,Lauren Williams,barnesbrandy@example.net,Healthcare,Mid-Market,19053208.91,Daniel Taylor,2025-01-04
SF-00057,Erin Daniels,denisecarpenter@example.net,Retail,SMB,19321059.85,Jennifer Hernandez,2024-10-21
SF-00058,David Hoffman,julie69@example.com,Healthcare,SMB,19247627.53,Kelly Baker,2026-02-17
SF-00059,Ashley Smith,robert63@example.com,Manufacturing,Enterprise,49429069.34,Lauren Lopez,2023-10-19
SF-00060,Nathan Casey,heathchristopher@example.net,Finance,SMB,7167920.94,Jordan Hicks,2025-10-07
SF-00061,Jennifer Johnson,jacqueline89@example.net,Technology,SMB,31051719.73,Jacob Bowman,2026-01-23
SF-00062,David Charles,danderson@example.net,Retail,Mid-Market,12256057.02,Hannah Mercado,2025-04-05
SF-00063,Joshua Young,vmullen@example.com,Manufacturing,SMB,46217870.58,Jacqueline Roberson,2023-09-02
SF-00064,Anthony Dougherty,kwright@example.com,Retail,Enterprise,28302300.66,Elijah Hill,2025-08-12
SF-00065,Jacob Lee,brittney04@example.org,Healthcare,Enterprise,44555466.74,Alex Boyer,2024-10-16
SF-00066,Amanda Riggs,caitlinunderwood@example.com,Healthcare,Enterprise,29950540.02,Susan Thomas DDS,2023-09-05
SF-00067,Jeremy Anderson,dberger@example.org,Finance,Enterprise,31282657.62,Javier Robinson,2025-06-24
SF-00068,Brandon Guerrero,michael91@example.net,Finance,Enterprise,25104820.73,Megan Baker,2025-09-22
SF-00069,Jeffrey Wood,alexander67@example.org,Finance,Enterprise,207112.46,Diana Gross,2023-06-21
SF-00070,Jason Goodwin,melissa47@example.org,Healthcare,SMB,47913616.32,Mark Walker,2025-12-19
SF-00071,Joshua Williamson II,wendy16@example.org,Manufacturing,SMB,48428743.6,Sarah Alexander,2025-01-02
SF-00072,Emily Hayes,heather29@example.net,Manufacturing,SMB,9716183.23,Kathryn Berger,2024-07-20
SF-00073,Jacob Duran,umckenzie@example.net,Finance,SMB,40116042.82,Nancy Taylor,2024-12-28
SF-00074,Matthew Davis,kcaldwell@example.net,Manufacturing,SMB,24347627.0,Teresa Torres,2025-01-26
SF-00075,Richard Diaz,brittanygardner@example.net,Finance,Enterprise,47603110.5,Sarah Morris,2024-04-19
SF-00076,Travis Cook,vbrock@example.com,Retail,SMB,14561059.18,Christie Boyd,2024-04-21
SF-00077,Ryan Morgan,ksims@example.net,Manufacturing,SMB,17900488.43,Tony Bowen,2024-10-26
SF-00078,Andrew Diaz,nolanjason@example.org,Finance,SMB,1372608.59,Michael Johnson,2024-09-11
SF-00079,Mary Ferguson,umahoney@example.net,Finance,Mid-Market,32399166.96,Michael Martinez,2025-01-13
SF-00080,Kelsey Fowler,lcarr@example.org,Retail,Mid-Market,35207941.25,Brian Glenn,2025-11-16
SF-00081,Heather Butler,whitney22@example.org,Healthcare,SMB,45487417.58,Katrina Deleon,2025-01-13
SF-00082,Alex Hernandez,thomaswilson@example.org,Technology,Mid-Market,3106548.89,Paul Chandler,2025-01-31
SF-00083,Michele Miller,vnewman@example.net,Finance,SMB,17735292.15,Jacob Little,2024-09-18
SF-00084,Jacob Obrien,stricklandfrank@example.com,Healthcare,Mid-Market,29824538.14,Matthew Marsh,2023-05-02
SF-00085,Robin Trujillo,amanda98@example.org,Finance,SMB,35053777.31,Caitlin Higgins,2024-08-17
SF-00086,Alejandro Martinez,barbarasantos@example.net,Healthcare,Mid-Market,13705740.0,Erika Blanchard,2025-01-05
SF-00087,Robin Davidson,myerskyle@example.org,Manufacturing,SMB,36081162.92,George Wise,2025-08-10
SF-00088,Maria Porter,blevy@example.org,Finance,Mid-Market,36939156.57,John Woodard,2024-01-17
SF-00089,Gabriella Lane,todd88@example.com,Technology,Mid-Market,24459295.64,Michael Anderson,2025-08-07
SF-00090,Bonnie Santos,nancymcdowell@example.org,Healthcare,Enterprise,26399024.75,William Foley,2023-07-28
SF-00091,Tammy Ponce,daniellegarcia@example.com,Healthcare,Enterprise,27779570.72,Christopher Clark,2023-12-01
SF-00092,Mason Powell,christianwallace@example.net,Manufacturing,Mid-Market,42782614.08,Daniel Miller,2025-02-03
SF-00093,Richard Avery,lewisrichard@example.com,Finance,Mid-Market,23125574.77,Tasha Watson,2024-01-25
SF-00094,Karen Smith,emily69@example.com,Healthcare,SMB,11243971.37,Charles Lewis,2024-03-12
SF-00095,Jonathan Zimmerman,helen27@example.net,Technology,Enterprise,46525832.96,Brandon Daniel,2024-03-20
SF-00096,Mercedes Barnes,huntchristine@example.com,Healthcare,SMB,4476645.72,Kathy Smith,2024-09-30
SF-00097,Terri Kerr,raymond65@example.com,Finance,Enterprise,45807789.36,April Anderson,2025-05-09
SF-00098,Mary Peck,owilson@example.net,Healthcare,SMB,119219.02,Daniel Lane,2023-12-11
SF-00099,Leslie Alvarado,dayderek@example.com,Manufacturing,Mid-Market,10362940.86,Seth Rush,2025-07-19
SF-00100,Heidi Baldwin,andrew90@example.net,Technology,Mid-Market,34726571.04,Frank Gomez,2025-03-21
SF-00101,Kimberly Figueroa,sandyjohnson@example.org,Retail,Mid-Market,16388164.0,Michael Hebert,2024-08-20
SF-00102,Amber Morales,xcline@example.com,Finance,SMB,2737508.67,Ashley Gilbert,2025-08-31
SF-00103,Roberto Foster,ashley72@example.net,Manufacturing,SMB,33152909.01,Tasha Thomas,2023-10-07
SF-00104,Travis Hobbs,conniesimmons@example.com,Finance,Mid-Market,5246245.66,Joseph Colon,2026-01-14
SF-00105,Tonya Roberts,davidanderson@example.org,Finance,Mid-Market,709423.39,Sandra Myers,2025-02-23
SF-00106,Emily Fox,sara99@example.com,Finance,Enterprise,33992701.8,William Williams,2024-03-15
SF-00107,Angela Jackson,davissharon@example.com,Manufacturing,SMB,32419930.17,Christopher Marshall,2023-06-25
SF-00108,Amanda Johnson,justinrobinson@example.com,Technology,SMB,7326081.46,Savannah Luna,2025-09-21
SF-00109,Christopher Guerra,jenniferwilliams@example.com,Finance,Enterprise,2294850.77,Jason Shelton,2024-08-29
SF-00110,Daniel Gallegos,imiller@example.net,Technology,Mid-Market,39794612.18,Michael Miller,2025-08-24
SF-00111,James Willis,mclaughlincasey@example.org,Manufacturing,SMB,35786169.81,Wendy Wright MD,2023-11-29
SF-00112,Erin Silva,vshaffer@example.org,Healthcare,SMB,34851719.65,Stephanie Robinson,2024-03-12
SF-00113,Sharon Anderson,kylemeyers@example.net,Healthcare,Mid-Market,21170323.05,Jesse Johnson,2023-07-22
SF-00114,Joel Allen,megan65@example.org,Technology,SMB,20446224.1,Jeffrey Griffin,2025-12-29
SF-00115,Brad Allen,moorericky@example.net,Finance,Enterprise,8991039.8,Erika Campbell,2024-01-22
SF-00116,Jennifer Perez,jasonjohnson@example.net,Manufacturing,SMB,15564836.12,Michael Jenkins,2023-07-15
SF-00117,Emily Collins,ihays@example.com,Technology,Mid-Market,27636935.97,Stacy Ross,2024-11-17
SF-00118,Shane Torres,porterdonna@example.com,Technology,Enterprise,27344870.82,Nicholas Koch,2023-06-28
SF-00119,Joseph Haynes,john16@example.net,Technology,Enterprise,42297142.47,Monica Peterson,2023-08-22
SF-00120,Rebecca Chambers,cynthiaallen@example.net,Manufacturing,SMB,6493866.72,Barbara Fox,2025-04-24
SF-00121,Jimmy Phelps,sherry72@example.org,Healthcare,Mid-Market,37543713.79,Julie Newman,2024-05-02
SF-00122,Victoria Thomas,kimberlyfreeman@example.net,Finance,Mid-Market,34097851.7,Pamela Love,2023-10-18
SF-00123,Collin Johnson,cortezbrittany@example.com,Retail,SMB,46755082.07,Shelby Ward,2025-09-04
SF-00124,Anna Hardy,brettbennett@example.net,Technology,SMB,47853051.47,Ryan Hernandez,2025-07-23
SF-00125,Angie Caldwell,tinawoods@example.org,Retail,Mid-Market,989556.01,Michael Cox,2024-10-17
SF-00126,Kimberly Stout,zfernandez@example.org,Finance,SMB,40482714.13,Robert Reed,2025-04-28
SF-00127,John Hanson,brandon39@example.net,Manufacturing,SMB,43533762.43,Jennifer Manning,2024-07-22
SF-00128,Karen Carroll,ywhite@example.com,Finance,Enterprise,26328345.51,Michael King,2025-04-16
SF-00129,Julie Hartman,awilliams@example.net,Healthcare,SMB,44643993.11,Faith Jennings,2023-07-10
SF-00130,Jerry Farrell,cstevens@example.org,Retail,Enterprise,38674370.18,Michael Ruiz,2023-11-21
SF-00131,Joshua Hernandez,ericnunez@example.com,Finance,SMB,7662709.07,Karen Flores,2024-09-04
SF-00132,Kelly Graham,leslievang@example.org,Retail,Mid-Market,3627633.34,David Costa,2024-07-14
SF-00133,Dale Edwards,hartjeffrey@example.org,Finance,SMB,17217207.45,Angel Garcia,2024-03-19
SF-00134,Matthew Reeves,rtaylor@example.org,Finance,SMB,9904703.65,Tina King,2024-04-10
SF-00135,Kristin Aguilar,sylvia43@example.net,Retail,Mid-Market,28228225.67,Jimmy Cole,2024-05-20
SF-00136,Emily Fischer,usalazar@example.net,Finance,Mid-Market,43552504.48,Devon Hicks,2024-01-26
SF-00137,Alexis Herrera,vrichardson@example.net,Healthcare,SMB,17387784.96,Michael Sullivan,2025-09-07
SF-00138,Todd Fischer,carriemorales@example.org,Finance,Mid-Market,19336509.64,Shawn Scott,2025-02-13
SF-00139,Kimberly Smith,housemelinda@example.org,Manufacturing,SMB,18679475.7,Dwayne Long,2025-02-26
SF-00140,Kimberly Webb,lpetersen@example.com,Healthcare,SMB,14448995.18,Abigail Wilson,2026-02-15
SF-00141,Martin Ross,sheila14@example.org,Healthcare,Enterprise,20510242.25,Carla West,2023-07-03
SF-00142,Steven Andersen,ajohnson@example.org,Retail,Mid-Market,44118063.3,Alexander Foster,2025-10-27
SF-00143,Gabriela Martinez,katherinejackson@example.com,Finance,SMB,30556617.28,Carrie Jacobs,2023-11-07
SF-00144,Alyssa Nelson,whenry@example.net,Healthcare,SMB,16276182.11,Andre Cannon,2024-07-07
SF-00145,Andrea Morgan,kholden@example.com,Healthcare,Mid-Market,7006279.59,Christina Johnson,2025-07-06
SF-00146,Stacy Fitzgerald,clinejasmine@example.net,Retail,Enterprise,15229725.22,James Woodard,2026-02-12
SF-00147,Sara Herrera,joseph49@example.com,Technology,SMB,6224196.63,Kendra Petersen,2024-02-14
SF-00148,Michael Love,gdavis@example.com,Finance,SMB,31655651.4,Julia Hanson,2025-04-06
SF-00149,Kathryn Martinez,tyler13@example.net,Healthcare,Mid-Market,30776003.24,Brandon Ferguson,2024-11-19
SF-00150,Katherine Ray,courtney67@example.org,Finance,SMB,13993981.06,Gregory Clark,2025-10-21
SF-00151,Ashley Blair,webbhaley@example.net,Finance,SMB,26788160.5,Christopher Vazquez,2023-09-20
SF-00152,Ronald Jones,gilbertwilliam@example.com,Finance,Enterprise,14194137.3,Amy Giles,2025-06-07
SF-00153,Cole Carrillo,cclark@example.net,Finance,Enterprise,48656861.41,Jacob Hunt,2024-05-07
SF-00154,Danielle Steele,larry16@example.net,Manufacturing,SMB,31624557.45,Mr. Brandon Baxter,2025-11-21
SF-00155,Emily Myers,christopher90@example.net,Finance,SMB,8053532.6,Joshua Ross,2023-05-08
SF-00156,Victor Waller,iballard@example.com,Technology,SMB,8994700.8,Julie Baker,2024-05-01
SF-00157,Eric White,williambarnes@example.org,Retail,SMB,22444475.47,Angela Hooper,2024-08-12
SF-00158,Jessica Hull,matthew41@example.com,Manufacturing,SMB,26945395.1,Cassandra Harris,2026-02-15
SF-00159,Spencer Johnston,wsmith@example.com,Manufacturing,SMB,43030120.47,Linda Lozano,2024-03-28
SF-00160,Amanda Brown,owilson@example.org,Retail,Mid-Market,19254338.15,Jacob Combs,2025-04-24
SF-00161,Anna Ross,jessicacummings@example.com,Healthcare,Enterprise,41704966.69,Julia Stephens,2024-02-15
SF-00162,Briana Turner,carl96@example.org,Finance,Mid-Market,37008748.14,Henry Bauer,2024-01-08
SF-00163,Roy Nielsen,zhendricks@example.org,Manufacturing,SMB,8874643.99,Christine Wheeler,2024-12-14
SF-00164,Mr. Steven Herrera,steven60@example.net,Retail,SMB,29380189.16,Kelli Boyd,2025-11-03
SF-00165,Kelly Phillips,arnoldsamantha@example.net,Retail,SMB,37474765.6,Kathleen James,2024-01-19
SF-00166,Robert Robles,angela14@example.net,Manufacturing,Mid-Market,27489904.75,Ann Wolfe,2024-02-23
SF-00167,Paul Sheppard,grodriguez@example.com,Manufacturing,Mid-Market,10074007.28,Nancy Martin,2024-01-11
SF-00168,Dorothy Mclaughlin,mitchellchristopher@example.net,Technology,SMB,26993963.08,Brandon Robinson,2024-09-27
SF-00169,Patricia Simpson,armstrongjoseph@example.net,Retail,SMB,7558441.0,Natalie Rodriguez,2025-07-26
SF-00170,John Medina,angelaburns@example.org,Manufacturing,SMB,993503.83,Jordan Rogers,2024-02-26
SF-00171,Lindsey Lewis,eddie35@example.com,Retail,SMB,19008275.28,Jordan Blackwell,2024-07-28
SF-00172,Erica Moon,cruzamber@example.com,Manufacturing,Enterprise,22067264.87,Jocelyn Boyer,2023-06-01
SF-00173,Thomas Thomas,dlittle@example.com,Manufacturing,SMB,27720281.18,Luis Boyd,2024-12-25
SF-00174,Sarah Perry,rachelquinn@example.com,Finance,SMB,29667029.79,Charles Cross,2023-04-30
SF-00175,Jonathan Roberts,catherine47@example.com,Retail,Mid-Market,18013534.28,Theodore Garcia,2025-03-03
SF-00176,Joel Lara,davidbrown@example.org,Technology,SMB,36258279.34,Christian Andrews,2025-09-18
SF-00177,Scott Brown,jim95@example.net,Retail,SMB,23089535.35,Michelle Terrell,2025-06-09
SF-00178,Kristin Anderson,jonathanrivera@example.org,Manufacturing,Enterprise,27306480.05,Ricky Spencer,2024-02-14
SF-00179,Laura Henry,kalvarez@example.net,Technology,Enterprise,16832457.16,Samuel Brown,2025-06-04
SF-00180,Heather Callahan,youngjacqueline@example.com,Manufacturing,SMB,33783564.93,Taylor Bryant,2023-05-14
SF-00181,Jeffrey Smith,kristenjoseph@example.net,Manufacturing,Mid-Market,43029207.71,Jenny Cooper,2024-11-19
SF-00182,Jessica Baird,amy32@example.net,Technology,Mid-Market,32325971.91,Alexis Walker,2023-07-15
SF-00183,Carlos Love,brian29@example.net,Manufacturing,SMB,44455804.22,Devon Miller,2026-02-03
SF-00184,Dakota Sandoval,james98@example.net,Finance,SMB,46332355.18,Kevin Bean,2025-02-21
SF-00185,Linda Goodman,smithwilliam@example.com,Healthcare,Enterprise,11470735.1,Kristen Hart,2025-04-08
SF-00186,Jason Davis,qedwards@example.com,Technology,Enterprise,8529601.19,Garrett Herrera,2025-02-02
SF-00187,Mrs. Tonya Kaufman,jenniferdavis@example.org,Healthcare,SMB,31166022.84,Michael Clay,2025-10-12
SF-00188,Steven Ramos,christopherboone@example.com,Manufacturing,SMB,18055468.67,Veronica Ray,2025-03-12
SF-00189,Tina Stark,frankcollins@example.net,Manufacturing,SMB,31946564.39,Tyler Lawrence,2024-04-20
SF-00190,Michael Gregory,shannon51@example.org,Healthcare,SMB,37272054.25,Mrs. Stacey Velez,2025-11-12
SF-00191,Jody Marshall,nhobbs@example.org,Healthcare,SMB,2166556.19,Lori Hernandez,2024-09-01
SF-00192,Elizabeth Mayer,kennethvillarreal@example.org,Technology,Mid-Market,9871091.33,Robert Rowland,2023-12-02
SF-00193,Morgan Mills,douglas18@example.net,Finance,SMB,34523079.29,Dominique Dunn,2024-06-07
SF-00194,Patricia Morrow,martinezlogan@example.org,Finance,Mid-Market,8857051.34,Jennifer Bell,2024-03-01
SF-00195,Holly Morales,michaelroberts@example.com,Technology,SMB,2301899.11,Amy Hodge,2023-09-29
SF-00196,Sherry Johnson,nancygonzalez@example.org,Manufacturing,SMB,46353025.28,Jason Bell,2025-12-31
SF-00197,Shelly May,caseyelliott@example.net,Technology,Mid-Market,2666118.72,Mary Mitchell,2023-05-25
SF-00198,James Hodges,floressteven@example.com,Finance,SMB,39846720.87,William Peterson II,2023-06-21
SF-00199,Amanda Nielsen,matthew62@example.org,Finance,Mid-Market,37005723.15,Sonya Hernandez,2024-07-24
SF-00200,Heather Chavez,john13@example.com,Finance,SMB,42962187.87,Jacob Jones,2023-07-26
SF-00201,Angela Lopez,leonardjoe@example.org,Retail,SMB,18956767.8,Darrell Torres,2025-06-18
SF-00202,Justin White,michael94@example.org,Finance,Mid-Market,22298328.4,Barbara Diaz,2025-04-15
SF-00203,Kim James,jwells@example.net,Finance,Enterprise,30621094.09,Jennifer Klein,2025-07-12
SF-00204,Matthew Dalton,michelle78@example.com,Finance,SMB,47592582.94,Michelle Grimes,2025-07-28
SF-00205,James Davenport,andrewjohnson@example.net,Finance,Mid-Market,10778220.97,Brandon Saunders,2024-01-19
SF-00206,Melissa Johnston,larsonkevin@example.net,Healthcare,SMB,3413318.84,Jenna Riley,2024-03-15
SF-00207,Yolanda Gaines,lucasrodney@example.com,Retail,SMB,5379366.62,Kathy Combs,2025-11-21
SF-00208,Katherine Peck,samuel60@example.net,Technology,Enterprise,45997666.36,Mary Lopez,2024-08-08
SF-00209,Brandy Quinn,wford@example.com,Technology,Enterprise,19592710.29,John Wilson,2024-12-31
SF-00210,Brian Lewis,scott49@example.org,Finance,Mid-Market,9890084.05,James Carey,2023-08-29
SF-00211,Alec Ryan,jeffrey10@example.org,Finance,Mid-Market,41922643.86,Kyle Nguyen,2023-04-18
SF-00212,John Boone,megan51@example.com,Retail,SMB,25439862.19,Barbara Whitaker,2023-12-12
SF-00213,Jacqueline Galloway,amandahenderson@example.net,Finance,Enterprise,44727239.68,Frank Reeves,2025-09-16
SF-00214,Melissa Mccormick,johnnycruz@example.net,Healthcare,Mid-Market,44021458.19,Richard Miller,2023-05-23
SF-00215,Susan Wallace,lloydrebecca@example.org,Retail,SMB,44850223.56,Alan Morales,2024-02-27
SF-00216,Brandon Shaffer,edwardsnicole@example.org,Manufacturing,Enterprise,10496864.96,Alexandria Romero,2025-04-21
SF-00217,Megan Ferguson,fbradley@example.net,Manufacturing,Enterprise,45343621.07,Jason Martin,2025-02-21
SF-00218,Jaime Vega,desireebailey@example.org,Technology,Mid-Market,9811926.63,Anna Bishop,2026-01-07
SF-00219,Beverly Bush,bensonstanley@example.org,Retail,Enterprise,47173703.06,James Wilson,2024-12-21
SF-00220,James Hernandez,rebecca90@example.net,Healthcare,SMB,48955879.83,Brandon Farrell,2025-12-15
SF-00221,Christina Vargas,nsmith@example.org,Healthcare,SMB,17232063.63,William Burton,2024-04-17
SF-00222,Derrick Rogers,schwartzbrian@example.org,Retail,SMB,47606148.73,Daniel Ramirez,2023-08-04
SF-00223,Matthew Hays,michelleperez@example.net,Healthcare,Mid-Market,7119894.66,Anna Brown,2024-05-29
SF-00224,Roy Torres,russellcarpenter@example.net,Retail,Enterprise,41842326.09,James Williams,2023-12-19
SF-00225,Lisa Thomas,ngriffin@example.net,Finance,SMB,45261889.2,Eric Hudson,2025-12-22
SF-00226,Kimberly Robinson,lisa02@example.net,Healthcare,SMB,24272336.75,Scott Campbell,2023-10-09
SF-00227,Melissa Olsen,linda86@example.com,Retail,Enterprise,48401173.78,Mr. David Smith,2023-12-05
SF-00228,Roger Duncan,shawrachel@example.org,Manufacturing,SMB,41009414.23,Lauren Hale,2024-10-23
SF-00229,Jeffery Jenkins,brownpamela@example.com,Retail,SMB,26033529.86,Michael Silva,2024-07-30
SF-00230,Susan Porter,jimmyallen@example.com,Manufacturing,SMB,42281201.05,Edward Price,2024-02-21
SF-00231,Chad Smith,hbenton@example.net,Retail,SMB,317478.73,Katherine Adams,2023-04-02
SF-00232,Adam Wilson,markgoodman@example.com,Technology,Enterprise,13297466.53,Corey Brown,2023-11-25
SF-00233,Tiffany Jackson,simsjason@example.net,Healthcare,Mid-Market,40671135.29,John Munoz,2025-09-20
SF-00234,Lori Brown DDS,martinezjesse@example.net,Technology,SMB,39153127.89,Kathleen Johnson,2025-05-11
SF-00235,Benjamin Sanchez,eric84@example.net,Manufacturing,Mid-Market,31224128.07,Johnathan Rodriguez,2024-01-18
SF-00236,Michael Edwards,randy47@example.com,Finance,SMB,33776418.68,Theresa Butler,2024-05-06
SF-00237,Victor Morris,velezchristopher@example.net,Retail,Mid-Market,32429981.57,Brian Andrews,2024-05-20
SF-00238,Rebecca Lee,ubenson@example.net,Technology,Enterprise,27621370.68,Robert Hughes,2024-02-14
SF-00239,Christian Cole,nathan19@example.org,Manufacturing,Enterprise,48144619.73,Mark Spencer,2023-09-30
SF-00240,Nathan Fuller,samanthajensen@example.com,Retail,Enterprise,30971226.12,Brian Butler,2023-08-29
SF-00241,Daniel Gallagher,daviscolin@example.com,Healthcare,Enterprise,49803290.19,Tyler Jones,2026-02-19
SF-00242,Amanda Shields,williamsdarlene@example.net,Retail,SMB,37252537.77,Connie Nunez,2025-01-01
SF-00243,Linda Rich,davisdonna@example.net,Manufacturing,Mid-Market,10211301.09,Ana Stewart,2025-05-11
SF-00244,Dennis Cooper PhD,cisnerosanthony@example.com,Retail,SMB,14367230.84,Marie Hudson,2025-09-03
SF-00245,Rebecca Ray,michaelgonzalez@example.org,Finance,SMB,42604564.47,Jennifer Phillips,2025-08-17
SF-00246,Charles Schmidt,georgemiller@example.com,Retail,SMB,8495117.28,Eric Watkins,2026-02-15
SF-00247,Rodney Evans,stephen89@example.net,Manufacturing,SMB,13499891.63,Stephanie Graves,2025-01-14
SF-00248,David Beck,thomas85@example.com,Finance,Mid-Market,35231078.79,Kathryn Huff,2024-03-16
SF-00249,Justin Butler,kimberlyjames@example.com,Technology,SMB,18987744.9,Marcus Lewis,2024-04-02
SF-00250,Richard Hardy,ashleyjackson@example.com,Technology,SMB,35912952.97,Zachary Bean,2025-06-25
SF-00251,Julie Alexander,tammyking@example.com,Technology,Mid-Market,17283944.65,Rachel Carter,2025-08-11
SF-00252,Mary Jones,reginajenkins@example.net,Healthcare,Mid-Market,22383569.36,Robert Myers,2025-10-28
SF-00253,Chad Farmer,angela01@example.com,Technology,SMB,26653486.1,Gloria Cole,2025-01-22
SF-00254,Mary May,levinetina@example.net,Retail,SMB,17112983.07,Anna Marshall,2025-06-21
SF-00255,Daniel Lee,hendersonvanessa@example.com,Manufacturing,Mid-Market,34826149.71,Amber Holloway,2023-06-27
SF-00256,Raymond Oconnor,sreid@example.com,Finance,SMB,3993469.36,Karen Young,2024-12-04
SF-00257,Robert Ortiz,mooredenise@example.com,Technology,SMB,34881833.22,Tami Mckinney,2023-05-26
SF-00258,Kelly Christensen,martinezsharon@example.org,Retail,SMB,49906430.1,Christopher Sweeney,2024-07-11
SF-00259,Paul Cruz Jr.,floresangela@example.org,Healthcare,Enterprise,10939244.52,Michael Gardner,2025-09-29
SF-00260,Laura Bush,stanleykendra@example.org,Manufacturing,SMB,37626224.42,Karen Brown,2025-03-21
SF-00261,Erika Gonzalez,jerry15@example.org,Technology,SMB,25505122.35,Cindy Rivera,2025-09-05
SF-00262,Erica Wilson,anna99@example.net,Technology,Enterprise,20369591.15,Kathryn Kline,2024-12-26
SF-00263,Christina Dunn,samuel71@example.org,Manufacturing,SMB,34497625.47,Briana Baker,2024-10-11
SF-00264,Lauren Cortez,elijah53@example.com,Manufacturing,SMB,6908939.88,Jennifer Shea,2023-07-14
SF-00265,Keith Graham,joelgreen@example.com,Healthcare,SMB,39152348.96,Madison Ortega,2024-10-16
SF-00266,Jordan Santiago,matthew23@example.org,Manufacturing,Mid-Market,5253764.47,Deborah Hall,2024-11-22
SF-00267,Paige Guerrero,msparks@example.com,Finance,Mid-Market,9950029.85,Kyle Weeks,2025-05-04
SF-00268,Kristina Preston,jeffrey92@example.com,Manufacturing,Mid-Market,27661746.96,Bradley Moore,2026-01-25
SF-00269,Michelle Harris,udavis@example.net,Finance,SMB,32385169.5,Brian Schultz,2025-04-06
SF-00270,Bethany Daniel,xrosales@example.net,Retail,Mid-Market,18310569.19,David Carlson,2023-12-29
SF-00271,Matthew Hunt,jackjensen@example.com,Technology,Mid-Market,1885194.08,Julie Rodriguez,2024-03-28
SF-00272,Tracy Phillips,linda71@example.org,Manufacturing,Enterprise,41664639.77,Melinda Palmer,2025-02-16
SF-00273,Raymond Barber,dennismckenzie@example.com,Manufacturing,Mid-Market,23814652.21,Amy Davenport,2024-09-13
SF-00274,Cameron Irwin,avilatiffany@example.com,Healthcare,Mid-Market,44705470.75,Laura Carter DDS,2025-03-10
SF-00275,Melinda Williams,aoconnell@example.org,Finance,Enterprise,12951960.3,Kyle Ferguson,2024-01-23
SF-00276,Thomas Bradley,jason76@example.net,Technology,SMB,575641.11,Thomas Reilly,2024-05-20
SF-00277,Miss Michelle Pierce,patricia22@example.com,Manufacturing,SMB,38164879.33,Emma Warner,2026-02-24
SF-00278,Kelly Allen MD,kmorris@example.org,Retail,Enterprise,13162193.75,Michelle Daniel,2023-09-14
SF-00279,Denise Mccann,heidi27@example.org,Healthcare,SMB,2126919.16,Angel Rodriguez,2023-07-15
SF-00280,David Jones,websterkimberly@example.net,Finance,SMB,39415863.08,Bradley Hernandez,2025-09-06
SF-00281,Danielle Garrett,angelagrant@example.net,Healthcare,Enterprise,43596826.85,Michael Jennings,2024-04-01
SF-00282,Kathleen Johnson,patrickshelton@example.org,Technology,SMB,40327094.25,Cameron Fitzgerald,2025-10-13
SF-00283,Amy Wilson,erik84@example.net,Technology,Enterprise,37717446.11,Taylor George,2024-09-14
SF-00284,Shannon Mccann,kevinmorrison@example.net,Manufacturing,Enterprise,14531556.17,Chelsea Duffy,2026-01-08
SF-00285,Kathy Levy,brandywilliams@example.com,Healthcare,SMB,44869839.74,Heidi Boyd,2024-11-18
SF-00286,Terry Montgomery,jacquelineanderson@example.org,Healthcare,SMB,3249515.74,Mr. Samuel Simpson,2023-09-02
SF-00287,Ashley Garcia,aowens@example.org,Healthcare,SMB,10263138.8,Brian Robinson,2025-10-11
SF-00288,Kristin Huerta,smithsarah@example.net,Retail,SMB,17440875.43,David Singh,2024-07-22
SF-00289,Regina Roberts,stephanie15@example.com,Finance,Mid-Market,28600543.01,Edward Garza,2025-12-19
SF-00290,Richard Lee,danascott@example.com,Manufacturing,SMB,18809296.17,Kristen Santos,2023-05-18
SF-00291,Thomas Ramos,cheryl61@example.org,Technology,Mid-Market,12467168.99,Stacey Johnson,2024-04-27
SF-00292,Bryan Burns,courtneytaylor@example.org,Manufacturing,Mid-Market,9083481.34,Stacy Frazier,2023-04-24
SF-00293,Mary Faulkner,ccrosby@example.org,Technology,Mid-Market,10295663.66,Marissa Spence,2024-08-07
SF-00294,Melissa Morse,tinasantos@example.org,Technology,Mid-Market,12633495.57,Ashley Taylor,2025-06-16
SF-00295,Debbie Ewing,cranemelissa@example.net,Healthcare,SMB,49616217.83,Kevin Brock,2025-02-22
SF-00296,Elizabeth Molina,howardshaun@example.net,Healthcare,SMB,46739605.96,Kenneth Frazier,2025-04-30
SF-00297,Tracy Johnson,tconway@example.net,Finance,SMB,43895633.77,Paul Nash,2023-09-17
SF-00298,Monica Dodson,katherine83@example.org,Healthcare,SMB,48233558.75,Karen Velazquez,2023-12-22
SF-00299,Maria Lynch,amandasanchez@example.com,Healthcare,SMB,21372115.48,Ronald Gibson,2023-07-11
SF-00300,Angela Bean,kmarshall@example.net,Technology,SMB,35104799.78,Melanie Hamilton,2025-06-04
SF-00301,Michael Smith,nicolasgarcia@example.com,Manufacturing,Enterprise,46858223.5,Randy Davis,2025-05-31
SF-00302,David Hall,joseph01@example.org,Technology,SMB,22811557.6,Mr. Jonathan Moore,2024-08-13
SF-00303,Jessica Garcia,elucas@example.net,Manufacturing,SMB,28879967.33,Kim Bailey,2026-01-29
SF-00304,Patrick Parker,nathan94@example.com,Technology,SMB,18304425.65,Matthew Little PhD,2024-06-04
SF-00305,Daniel Lopez,butlersabrina@example.org,Healthcare,SMB,44547456.96,Tonya Sims,2023-07-31
SF-00306,Rachel Gibson,briana11@example.org,Technology,Enterprise,17514720.93,Beth Davis,2023-08-25
SF-00307,Brian Goodwin,bbell@example.com,Manufacturing,SMB,32767550.67,Deborah Goodman,2024-03-29
SF-00308,Renee Gonzales,andrewgray@example.net,Manufacturing,SMB,5129379.46,Johnny Pratt,2025-01-09
SF-00309,Alejandro Campbell,james94@example.net,Healthcare,SMB,20574148.07,Mandy Larson,2025-11-11
SF-00310,Adam Davis,snydermatthew@example.com,Manufacturing,SMB,15923683.86,William Gibson,2025-05-27
SF-00311,Andrew Kelly,josephpreston@example.org,Manufacturing,Mid-Market,45091588.95,John Wong,2025-04-20
SF-00312,Jared Smith,richardrodriguez@example.org,Retail,Mid-Market,25298875.41,Christopher Howell,2024-10-03
SF-00313,Douglas Ortiz,daniel81@example.org,Healthcare,SMB,43697366.06,Theresa Wallace,2024-11-28
SF-00314,Nicholas Waters,mosleyeduardo@example.net,Finance,SMB,5296293.86,Pedro Brown,2025-09-14
SF-00315,Lisa Reynolds,timothyalvarado@example.net,Manufacturing,Mid-Market,2898975.66,Michelle Griffith,2025-05-06
SF-00316,Joshua Petersen,pamela83@example.net,Healthcare,Mid-Market,13523008.58,Abigail Huynh,2025-12-30
SF-00317,Cindy Clayton,sarah42@example.org,Retail,Mid-Market,27167955.02,Thomas Tyler,2024-11-05
SF-00318,Aimee Gonzalez,jodi37@example.com,Healthcare,Mid-Market,32923501.1,Ann Odonnell,2023-06-03
SF-00319,Robert Jennings,kjimenez@example.net,Healthcare,Mid-Market,7628778.33,Sandra Sampson,2023-04-26
SF-00320,Martha Ruiz,booneryan@example.com,Finance,SMB,47392903.59,Julia Lewis,2025-05-23
SF-00321,Pamela Lopez,joannahill@example.net,Retail,Mid-Market,2900863.23,Vanessa Rodriguez,2025-04-11
SF-00322,Mrs. Christine Dougherty,kathrynroberts@example.org,Retail,SMB,19261742.81,Brett King,2024-05-17
SF-00323,Nathan Chavez,evanslisa@example.org,Finance,Mid-Market,13340879.3,Heidi Bishop,2025-02-07
SF-00324,Nicholas Grant,leescott@example.com,Technology,SMB,2356956.87,Kelly Brewer,2023-08-13
SF-00325,Alexandria Holmes,kimberly65@example.org,Technology,Mid-Market,7306089.54,Eric Barron,2025-07-13
SF-00326,Christopher Jones,jason22@example.com,Retail,Mid-Market,580152.61,Ryan Phelps,2023-07-28
SF-00327,Maria Collins,pblair@example.org,Technology,Enterprise,2024743.96,Kurt Moses,2023-10-23
SF-00328,Kimberly May,avilabrenda@example.net,Manufacturing,Mid-Market,47104677.57,Christopher Fuller,2024-05-25
SF-00329,Ryan Hodges,deborah28@example.org,Finance,Enterprise,20529028.49,Christine Palmer,2025-11-09
SF-00330,Victor Brown,bboone@example.net,Retail,SMB,4379866.74,John Cooper,2025-09-03
SF-00331,Jesse Carney,qschwartz@example.com,Manufacturing,SMB,9795694.4,James Brown,2025-06-13
SF-00332,Lisa Glenn,washingtonjames@example.com,Manufacturing,SMB,8529328.1,Gabriela Floyd,2025-12-18
SF-00333,Timothy Williams,moodycrystal@example.com,Finance,Enterprise,4276045.28,Miss Kelly Diaz,2024-07-29
SF-00334,Christopher Phillips,vaughnrebecca@example.com,Technology,SMB,8572320.47,Shawn Robinson,2025-10-23
SF-00335,Allison Hill,donaldgarcia@example.net,Technology,Mid-Market,9643764.27,Spencer Goodman,2023-06-20
SF-00336,Danielle Golden,colemichael@example.org,Retail,SMB,3699354.65,Heather Owens,2024-02-21
SF-00337,Jessica Mendez,gainesjennifer@example.org,Technology,Mid-Market,414849.45,Victor Moore,2026-01-14
SF-00338,Ryan Davis,jordan58@example.net,Finance,SMB,3241267.9,Scott Moses,2024-07-23
SF-00339,Chelsea Johnson,pwong@example.org,Healthcare,SMB,2653824.02,Christine Phillips,2025-09-19
SF-00340,John Sanchez,susan77@example.net,Retail,Enterprise,1327285.45,Angela Scott,2023-12-17
SF-00341,Daniel Lewis,mark43@example.net,Retail,SMB,42082069.25,Amy Rios,2023-12-03
SF-00342,Tammie Prince,morganlaura@example.com,Manufacturing,SMB,30332591.13,Jessica Riley,2025-01-05
SF-00343,Ashley Singleton,mitchellkathryn@example.com,Finance,Mid-Market,17812512.46,Derek Johnson,2024-04-06
SF-00344,Sandra Gilbert,antonio53@example.com,Technology,SMB,47439462.63,Jessica Hahn,2024-04-09
SF-00345,Jeremiah Baker,anne21@example.org,Technology,Mid-Market,25652098.28,Ruth Payne,2025-10-25
SF-00346,Susan Powers,megan82@example.com,Healthcare,Enterprise,41025609.59,Stephanie Zimmerman,2024-10-20
SF-00347,Matthew Nelson,xnorman@example.net,Retail,Enterprise,19262745.26,Donald Figueroa,2025-09-30
SF-00348,James Mclaughlin,murphybrandi@example.com,Healthcare,Mid-Market,5127744.34,Robin Rowe,2024-02-02
SF-00349,Melissa Bender,mkim@example.org,Technology,Enterprise,8159560.23,Katelyn Flores,2025-12-29
SF-00350,Jordan Pace,nashmarcus@example.com,Manufacturing,SMB,48531454.31,Thomas Porter,2023-09-18
SF-00351,Paul Kelly,cooperjessica@example.net,Technology,Mid-Market,38500278.07,Lisa Rubio,2025-04-26
SF-00352,Courtney Sutton DVM,davisnicholas@example.net,Technology,Mid-Market,12531337.41,Michael Ward,2023-08-28
SF-00353,Jennifer Blackwell,jennifer55@example.org,Finance,SMB,4757033.07,Stephanie Ford,2023-05-29
SF-00354,Lori Garcia,melissa91@example.net,Manufacturing,Mid-Market,33960909.69,Victoria Hart,2023-10-05
SF-00355,Vincent Novak,jessica79@example.org,Technology,Mid-Market,43946463.52,Aimee Oneal,2024-10-12
SF-00356,Derek Martinez,vfox@example.org,Finance,Mid-Market,12016950.8,Kristen Woods,2025-12-01
SF-00357,Haley Johnson,phillipssamantha@example.org,Manufacturing,Mid-Market,8047238.88,Sherri Baker,2025-07-09
SF-00358,Edwin Brown,derrickgonzalez@example.com,Healthcare,Mid-Market,7133675.37,Leroy Sullivan,2023-07-31
SF-00359,Alexis Noble,scottsmith@example.com,Healthcare,Enterprise,38509910.89,John Roth,2025-09-28
SF-00360,Patrick Bonilla,reesejason@example.com,Retail,SMB,10310391.88,Hailey Underwood,2024-07-09
SF-00361,Sean Silva,kennedyjames@example.org,Manufacturing,Enterprise,46838849.54,Elizabeth Jordan,2024-03-26
SF-00362,Cynthia Le,rlee@example.com,Manufacturing,SMB,18998449.96,Rachel Allen,2024-06-26
SF-00363,Michelle James,shawn96@example.org,Healthcare,SMB,21494447.37,Jacob Rollins,2025-07-16
SF-00364,Sheila Jones,vflores@example.com,Finance,Mid-Market,14044339.31,Rebecca Wright,2024-05-06
SF-00365,Kurt Hurley,angelica52@example.net,Retail,Enterprise,5025994.14,Brenda Jennings,2025-06-23
SF-00366,Kimberly Adkins,williamsthomas@example.net,Technology,SMB,3171428.45,Christina Diaz,2025-02-25
SF-00367,Barbara Hunt,brucefrancisco@example.org,Finance,SMB,31738686.07,Johnny Warner,2024-11-25
SF-00368,Matthew Wright,johnsonjacob@example.net,Manufacturing,SMB,32256886.75,Janet Dunn,2025-11-22
SF-00369,Anna Wheeler,bbush@example.net,Healthcare,Mid-Market,34896201.45,Emily Burns,2024-05-01
SF-00370,Brian Cortez,daviddavis@example.com,Healthcare,SMB,7197488.95,Patricia Hernandez,2023-04-16
SF-00371,Jeremy Mitchell,pyoung@example.com,Technology,Enterprise,20339404.77,Jessica Sharp,2025-03-23
SF-00372,Jeremiah Vasquez,chelseywhite@example.com,Finance,SMB,30735716.18,William Henry,2024-06-15
SF-00373,Thomas Williams,caroline51@example.net,Finance,SMB,1825687.52,Tina Huang,2024-06-06
SF-00374,Sandra Davis,lisawilkerson@example.org,Finance,SMB,9336041.6,Tamara Lyons,2023-07-29
SF-00375,Jamie Chavez,francisco53@example.net,Technology,Enterprise,25752599.09,Brandi Jenkins,2024-12-24
SF-00376,Tony Leonard,rodriguezmichael@example.net,Finance,Mid-Market,21504474.12,Jon Peterson,2023-09-21
SF-00377,Samantha Zavala MD,sean99@example.org,Healthcare,Mid-Market,23229940.93,Gary Cross,2023-04-06
SF-00378,Timothy Ramirez,dsanchez@example.net,Manufacturing,Mid-Market,44175982.72,Amber Rodgers,2023-12-05
SF-00379,Amber Shannon,jason70@example.org,Healthcare,SMB,22429945.09,Brandon Gallagher,2025-11-15
SF-00380,James Weber,jpowers@example.org,Manufacturing,Enterprise,49261025.31,Shaun Morris,2024-01-26
SF-00381,Jeremy Adams,kevin90@example.com,Finance,SMB,41357378.14,Ashley Reed,2024-01-26
SF-00382,Eric Nguyen,wareeric@example.net,Healthcare,SMB,43278605.54,James Jones,2023-11-14
SF-00383,Megan Sanders,wilsonralph@example.net,Retail,SMB,42435484.32,Grant Barker,2024-01-06
SF-00384,Frances Gibson,ismall@example.net,Retail,SMB,1808665.53,Melanie May,2023-09-04
SF-00385,Lauren Jackson,rhernandez@example.org,Finance,SMB,1106536.56,Ashley Robinson,2023-10-31
SF-00386,David Mercado,angela91@example.org,Healthcare,Mid-Market,3705549.57,David Larsen,2024-06-25
SF-00387,Mary Charles,katherinetaylor@example.org,Retail,SMB,6632917.95,Daniel Cisneros,2023-08-23
SF-00388,Kayla Rodriguez,soniawilliams@example.net,Finance,SMB,19780339.67,Richard Baker,2025-11-20
SF-00389,Melissa Davis,allenmonica@example.com,Retail,SMB,38484561.72,Barbara Adams,2024-03-18
SF-00390,Michael Howard,nelsonrobert@example.com,Healthcare,SMB,19210351.68,Anthony Jordan,2025-07-19
SF-00391,Cheryl Kelly,glennmartin@example.org,Finance,Mid-Market,21383495.41,Nicole Andrews,2025-05-04
SF-00392,Sierra Johnson,kimberly63@example.com,Technology,Enterprise,12895376.71,Rodney Wallace,2025-12-04
SF-00393,Timothy Cole,suzanne01@example.net,Retail,SMB,48735724.24,Timothy Reeves,2023-04-19
SF-00394,Ashlee Jackson,rebecca05@example.org,Retail,SMB,18613995.42,Julia Hughes,2024-07-10
SF-00395,Heather Ellis,kandrade@example.org,Finance,Mid-Market,43064014.62,Wendy Warren,2025-01-14
SF-00396,Jill Moore,wcole@example.org,Finance,SMB,22968515.0,Derek Barrett,2023-06-20
SF-00397,Michael Garcia PhD,kevinmanning@example.com,Manufacturing,SMB,35866237.33,Jessica Cox,2025-06-28
SF-00398,Matthew Murphy,rfriedman@example.net,Manufacturing,Enterprise,29570983.51,Todd Shah,2025-01-11
SF-00399,Cody Hart,wadetiffany@example.org,Finance,SMB,3656396.81,Andrew Christensen,2024-11-28
SF-00400,Hunter Robinson,staffordamanda@example.com,Manufacturing,Enterprise,31848967.7,Hannah Walker,2024-07-23
SF-00401,Jerry Henderson,steven17@example.net,Healthcare,Mid-Market,31892492.17,Kara Smith,2024-12-30
SF-00402,Michael Gonzalez,tonyavega@example.org,Manufacturing,Mid-Market,27972230.95,Christopher Thompson,2024-02-07
SF-00403,Dr. Sheila Henry,raymond92@example.org,Retail,Enterprise,26272844.73,Wesley Calhoun,2025-02-01
SF-00404,Bruce Palmer,nancy94@example.net,Healthcare,Enterprise,10825251.25,Daniel Henderson,2024-05-24
SF-00405,Ellen Thornton,russellstout@example.org,Finance,SMB,3324090.28,Ariel Carpenter,2026-01-16
SF-00406,Robert Williams,tross@example.com,Healthcare,Enterprise,23117511.68,Joseph Coleman,2024-02-23
SF-00407,John Calderon,denise20@example.org,Retail,Mid-Market,2449092.69,James Harris,2023-05-20
SF-00408,Jennifer Payne,kathrynbest@example.org,Technology,Mid-Market,13347853.73,Taylor Adams,2024-09-20
SF-00409,Robert Potter,jeffrey32@example.org,Healthcare,Mid-Market,9072597.54,Michele Beck,2023-09-23
SF-00410,Mary Perry,jennifer77@example.com,Finance,SMB,30825747.76,Natasha Fuller,2023-09-21
SF-00411,Todd Olson,zbell@example.net,Manufacturing,SMB,42676061.07,Sandra Clements,2025-12-17
SF-00412,Meghan Brown,howard04@example.com,Finance,SMB,25787676.01,Patrick Murray,2025-11-20
SF-00413,Daniel Zavala,yvazquez@example.org,Retail,SMB,15898097.81,April Moore,2025-11-30
SF-00414,Ian Andrade,ugarcia@example.com,Retail,SMB,7634434.59,Michelle Snyder,2023-10-09
SF-00415,Debra Mitchell,jonathanburke@example.com,Technology,Enterprise,46927553.88,Benjamin Dawson,2024-10-20
SF-00416,Mr. Timothy Howard,richard15@example.net,Retail,Enterprise,882713.73,Philip Johnson,2025-05-21
SF-00417,Janice Perez,kjacobs@example.com,Retail,SMB,27205851.57,Louis Klein,2025-11-17
SF-00418,Jason Daniel,shawn00@example.net,Retail,Mid-Market,15498780.35,Ashlee Smith,2023-07-11
SF-00419,Deanna Smith,lanedavid@example.org,Retail,SMB,46473518.62,Michael Parker,2023-04-07
SF-00420,Matthew Smith,tiffanysantiago@example.com,Finance,Enterprise,20067063.46,Ian Estes,2024-07-19
SF-00421,Jenny Lewis,jenniferross@example.net,Technology,Mid-Market,8876193.67,Lisa Williams,2024-07-15
SF-00422,Nathan Sullivan,lindsaycontreras@example.com,Finance,SMB,11130786.25,Manuel Byrd,2023-07-22
SF-00423,Mitchell Johnson,brownlaura@example.net,Technology,Mid-Market,126906.79,Stacey Phillips,2025-02-16
SF-00424,Mr. Michael Johnson Jr.,brianrowe@example.org,Finance,Mid-Market,4357141.7,Blake Robinson,2024-03-20
SF-00425,Matthew Johnson,kelsey90@example.net,Technology,Mid-Market,33609174.86,Kendra May,2024-09-10
SF-00426,Carrie Lewis,joshuagriffin@example.org,Manufacturing,SMB,44004200.34,Sara Nelson,2025-09-30
SF-00427,John Ray,hernandezlisa@example.com,Retail,Mid-Market,16259374.06,Mary Owens,2024-12-31
SF-00428,Tiffany Barnes,tracynelson@example.com,Manufacturing,Mid-Market,8979981.23,Angel Swanson,2024-03-03
SF-00429,Diana Fuller,brandonhernandez@example.net,Finance,SMB,16890806.33,Patricia Chaney,2026-01-18
SF-00430,Renee Browning,hullalice@example.org,Manufacturing,Mid-Market,46047676.41,Catherine Miller,2024-04-11
SF-00431,Ashley Davis,carlsonkristen@example.com,Retail,SMB,39573636.01,Michael Green,2023-08-12
SF-00432,Christine Parker,melissa12@example.net,Healthcare,Mid-Market,27955726.2,Sean Gates,2024-07-11
SF-00433,Ryan Wiley,aaron64@example.org,Finance,Enterprise,32386363.65,Crystal Myers,2025-08-16
SF-00434,Rebecca Kelley,jacqueline02@example.com,Healthcare,Mid-Market,29270057.36,Tammy Smith,2025-05-29
SF-00435,Nicole Marquez,thickman@example.org,Manufacturing,Mid-Market,44376188.64,Manuel Bates,2024-03-23
SF-00436,James Ferrell,tasha01@example.net,Healthcare,SMB,28589135.46,Daniel Matthews,2023-08-01
SF-00437,Nicole Anderson,amy27@example.net,Finance,Enterprise,7481921.25,Diana Waller,2024-05-08
SF-00438,Danielle Phillips,eandrade@example.org,Manufacturing,SMB,21479161.7,Melinda Tran,2023-04-10
SF-00439,Sandra Nunez,laura29@example.org,Retail,SMB,28421822.54,Sara Meza,2025-05-16
SF-00440,Courtney Peterson,fsandoval@example.net,Manufacturing,Enterprise,27176801.12,Tanner Ashley,2024-12-19
SF-00441,Kelly Edwards,stevepatel@example.net,Manufacturing,Mid-Market,17851235.26,James Harris,2023-06-24
SF-00442,Mr. Isaac Williams,teresayoung@example.com,Finance,SMB,8552235.04,Gabrielle Vaughn,2023-06-02
SF-00443,Crystal Williams,ronald76@example.com,Technology,SMB,19394632.19,James Hawkins,2024-11-24
SF-00444,Bruce Patton,janet50@example.com,Manufacturing,Enterprise,28075304.16,Brian Miller,2023-12-03
SF-00445,Nancy Kennedy,thompsonvictor@example.net,Manufacturing,Mid-Market,41782539.39,Kristina Chung,2025-06-29
SF-00446,Shane Harris,clee@example.net,Finance,Enterprise,38907531.39,Keith Gallegos,2024-08-14
SF-00447,Monica Hester,nicholasjames@example.org,Healthcare,Mid-Market,45092805.66,Lisa Williamson,2025-09-04
SF-00448,Susan Smith,marydunn@example.net,Manufacturing,SMB,18793849.24,Angela Fox,2023-04-30
SF-00449,Michael Mckinney,oruiz@example.org,Healthcare,Mid-Market,45950779.58,Sara Cox,2024-06-29
SF-00450,Amy Robinson,paigeberger@example.net,Manufacturing,Enterprise,559164.11,Calvin Horton,2024-04-30
SF-00451,Jennifer Wood,colonjoseph@example.org,Healthcare,Mid-Market,41067028.88,Henry Thomas,2024-10-21
SF-00452,Rachel Lee,kayla27@example.com,Finance,Mid-Market,27240531.49,Krystal Hill,2025-04-16
SF-00453,Deborah May,ylopez@example.com,Technology,SMB,36506602.37,Nathan Martinez,2024-11-03
SF-00454,Brittany Miller,sabrinacollins@example.net,Finance,SMB,10508670.96,Joanne Carey,2024-07-03
SF-00455,Veronica Brewer,ybrooks@example.com,Healthcare,Enterprise,16543310.44,Ann Keller,2024-02-29
SF-00456,Mary Hernandez,haroldjoseph@example.com,Finance,SMB,25553820.78,Christina Burgess,2024-02-11
SF-00457,Dr. Richard Hammond,paula89@example.net,Technology,SMB,4913057.76,Dawn Mendoza,2024-01-13
SF-00458,Cynthia Sanchez,terrireyes@example.com,Finance,Enterprise,1795155.86,Craig Wood,2023-04-09
SF-00459,Keith Thomas,marycochran@example.com,Manufacturing,SMB,19571713.92,James Simon,2025-09-07
SF-00460,Cindy Walker,ericaadams@example.com,Retail,SMB,40720535.04,Katrina Benson,2025-09-25
SF-00461,Allen Rosales,tonykelly@example.com,Manufacturing,Mid-Market,1016472.16,Alicia Garcia,2024-04-23
SF-00462,Laura Haney,andrew64@example.org,Technology,Mid-Market,35784784.88,Megan Adams,2024-12-13
SF-00463,Matthew Guzman,walterscrystal@example.org,Retail,SMB,9104947.29,Crystal Horton,2023-10-22
SF-00464,Jamie Cobb,morganjason@example.com,Retail,SMB,42334222.78,Julie Meyer,2023-09-23
SF-00465,Deborah Campbell,codylong@example.net,Finance,Mid-Market,20880424.1,Rachael Smith,2024-03-27
SF-00466,Andrew Shaw MD,sawyerscott@example.net,Finance,SMB,25294604.68,Lori Mcintyre,2024-07-02
SF-00467,Natasha Williams,swall@example.org,Technology,Mid-Market,11010837.53,Susan Wright,2025-05-17
SF-00468,Frederick Hill,jacob83@example.org,Finance,SMB,28215244.27,Lori Bender,2025-10-10
SF-00469,Jennifer Douglas,jennifer90@example.org,Manufacturing,SMB,48325535.9,Nicole Cook,2025-09-25
SF-00470,Mikayla Rodriguez,jacobconrad@example.com,Finance,Mid-Market,17336341.86,Emily Barajas,2024-10-09
SF-00471,Thomas Bush,micheal78@example.com,Retail,SMB,5510212.92,Cody Hicks,2024-07-31
SF-00472,Phillip Underwood,hinesgregory@example.net,Healthcare,SMB,23821733.3,Jacob Bailey Jr.,2024-09-18
SF-00473,Daniel Haley,allen20@example.net,Healthcare,SMB,43578454.83,Jessica Horne,2025-09-19
SF-00474,Charles Brown,brooke94@example.com,Technology,SMB,35179943.04,Mark Paul,2023-04-20
SF-00475,Nicole Phillips,bowerslaura@example.org,Healthcare,SMB,40449970.64,Justin Morgan,2025-12-27
SF-00476,Donna Ibarra,treed@example.com,Finance,Mid-Market,3741484.38,Kevin Richards,2025-01-07
SF-00477,Steven Scott,williamsjohn@example.net,Manufacturing,SMB,3961977.84,Holly Clarke,2024-10-21
SF-00478,Christopher Tate,martinezmitchell@example.org,Technology,Enterprise,3504245.85,William Davis,2023-05-27
SF-00479,Wanda Ramos,scottglass@example.org,Retail,SMB,28323164.29,Joann Hernandez,2025-06-26
SF-00480,Ethan Ingram,samantha88@example.net,Finance,Enterprise,45166284.95,Donald Marks,2025-10-04
SF-00481,Sharon Smith,yhall@example.net,Finance,SMB,15975933.7,Robert Graham,2025-10-25
SF-00482,Brian Martin,ssteele@example.net,Healthcare,SMB,31432909.02,Lisa Clark,2026-01-31
SF-00483,Brenda Snyder PhD,hernandezernest@example.net,Technology,Enterprise,10326708.63,Sarah Diaz,2025-10-22
SF-00484,Sharon Wells,thomasmiller@example.net,Technology,SMB,42641414.59,Stacey Davila,2025-10-03
SF-00485,Mr. James Kramer,ericahall@example.com,Manufacturing,SMB,15879775.47,Jennifer Dominguez,2024-10-18
SF-00486,Crystal Johnson,raymondramirez@example.org,Finance,Enterprise,18528311.3,Anna Ramirez,2024-11-28
SF-00487,Janet Williams,dwalker@example.com,Manufacturing,SMB,5403870.06,Lauren Hall,2026-01-08
SF-00488,Matthew Padilla,lewischristian@example.net,Finance,SMB,38851732.93,Traci Smith,2024-11-24
SF-00489,Ashley Wise,stanleynancy@example.net,Technology,Mid-Market,12411395.03,Elizabeth Bryant,2025-02-16
SF-00490,Angela Jones,atkinsoncrystal@example.net,Finance,Enterprise,13405247.31,Debra Brown,2023-08-17
SF-00491,Kristen Roberts,gross@example.net,Technology,Mid-Market,23311918.06,Roberto Smith,2023-10-03
SF-00492,Richard Weeks,michael66@example.org,Finance,Enterprise,624744.29,Andrew Smith,2025-10-08
SF-00493,Mary Hernandez,darylchaney@example.net,Finance,SMB,10699740.75,Loretta Snyder,2025-04-05
SF-00494,Juan Reyes,michellehill@example.com,Retail,Mid-Market,42535602.12,Jackson Conley,2025-10-04
SF-00495,Anthony Hayes,kathleenjackson@example.org,Retail,SMB,33280945.71,Catherine Soto,2025-03-24
SF-00496,Taylor Carlson,chenbailey@example.net,Technology,SMB,40348394.25,Joseph Foley,2024-11-04
SF-00497,Mariah Robles,andersonjessica@example.org,Technology,SMB,24520361.99,Amanda Smith,2024-03-30
SF-00498,Sara Hoffman,kenneth17@example.org,Technology,Mid-Market,18699560.72,Derek Anderson,2024-10-18
SF-00499,Jared Sandoval,nturner@example.com,Retail,SMB,27508695.48,Tracey Burns,2024-06-27
SF-00500,Mary Anderson,ericvasquez@example.com,Manufacturing,SMB,22970891.86,Rachel Jackson,2026-01-12
SF-00501,Nathan Tucker,iproctor@example.org,Technology,SMB,7910960.42,Bradley Bird,2024-07-21
SF-00502,Ricardo Young,williamsrobert@example.net,Manufacturing,Mid-Market,16462410.72,Amanda Morgan,2023-10-22
SF-00503,Jennifer Avila,angelarandall@example.net,Technology,SMB,12991194.41,Charles Green,2025-02-16
SF-00504,Andrew Olson,ariel56@example.com,Manufacturing,Mid-Market,21168413.55,Kristin Hamilton,2025-06-28
SF-00505,Timothy Levine,coxjames@example.org,Technology,Enterprise,35023726.07,Karina Cook,2024-11-18
SF-00506,Julian White,thompsonjose@example.org,Manufacturing,Mid-Market,46843338.06,Jennifer Gaines,2023-05-08
SF-00507,John Vaughn,jessicafox@example.com,Retail,Mid-Market,49673801.56,Jill Novak,2025-04-27
SF-00508,Cynthia Haas,daisymccarty@example.net,Technology,Mid-Market,2445980.94,James Williams,2025-06-16
SF-00509,Susan Crawford,fowlerheather@example.com,Finance,Enterprise,48570657.51,Colleen Harris,2025-05-12
SF-00510,Kathleen Golden,cartertara@example.net,Technology,SMB,9494066.97,Bruce Torres,2025-03-17
SF-00511,Mason James,heather62@example.com,Technology,Enterprise,9243881.35,Steve Sherman,2026-02-07
SF-00512,Lisa Duran,charlesnathan@example.com,Finance,Mid-Market,24820002.4,Sheila Lowery,2024-12-14
SF-00513,Matthew Wright,kimberly04@example.org,Finance,Mid-Market,40248451.93,Ashley Smith,2025-06-13
SF-00514,James Martin,georgetracy@example.org,Retail,Mid-Market,39728208.47,Tina Glenn,2023-04-19
SF-00515,Jennifer Donaldson,troymorris@example.com,Technology,Enterprise,5969218.29,Jackie Chavez,2024-12-14
SF-00516,Carla Turner,sullivanvictor@example.org,Technology,SMB,33774077.64,Megan Gould,2023-06-14
SF-00517,Kaitlyn Charles,thorntonapril@example.net,Retail,SMB,27069013.31,David Young,2025-12-13
SF-00518,Lucas Allen,qlopez@example.org,Manufacturing,Mid-Market,22209028.74,Michael Bell,2023-06-19
SF-00519,Daniel Carter,gibsonmiguel@example.org,Healthcare,SMB,33594593.99,Tracy Krueger,2026-01-05
SF-00520,Rhonda Lee,hopkinsmichael@example.com,Retail,Mid-Market,10868874.46,Michael Parrish,2025-06-13
SF-00521,Mercedes Watson,carpenterwilliam@example.net,Finance,SMB,10506263.18,Heidi Weaver,2025-12-12
SF-00522,Susan Myers,kristina57@example.com,Technology,Enterprise,49800779.15,Tanya Castro,2024-09-11
SF-00523,Brendan Richardson,tracymcclure@example.com,Finance,Mid-Market,30018856.68,Steven Wade,2025-04-08
SF-00524,Jennifer Miles,davidsonamanda@example.org,Technology,SMB,43914277.59,David Howell,2023-10-21
SF-00525,Whitney Cooper,mhoward@example.org,Retail,Mid-Market,36813920.89,Jeffery Gross,2025-05-14
SF-00526,Sarah Jones,matthewedwards@example.net,Finance,Enterprise,25782127.14,Tammy Nielsen,2024-08-23
SF-00527,Rachel Taylor,tgonzalez@example.com,Manufacturing,SMB,20795247.0,William Wiley,2023-11-13
SF-00528,Anna Davidson,georgeweber@example.net,Healthcare,SMB,12120526.67,Lisa Brennan,2023-10-23
SF-00529,Nathan Wilson,phillipmorris@example.org,Technology,Mid-Market,17554418.62,Rose Lawrence,2024-07-29
SF-00530,Catherine Richards,ecosta@example.com,Technology,SMB,13978425.53,Katie Greene,2023-05-25
SF-00531,Travis Ryan,owelch@example.net,Technology,SMB,26430185.4,Edward Ochoa,2023-11-13
SF-00532,Eric Byrd,tsanders@example.org,Technology,Mid-Market,9982562.37,Michele Hudson,2026-01-08
SF-00533,Crystal Hall,howardhailey@example.com,Retail,Enterprise,6838688.92,Ms. Stacy Simmons,2024-03-08
SF-00534,Jill Juarez,andersonjacob@example.com,Finance,Enterprise,10233205.58,Sarah Brady,2025-06-28
SF-00535,Anthony Cook,thomasgomez@example.net,Manufacturing,SMB,38773211.53,Daniel Moore,2024-06-11
SF-00536,Martha Smith,butleromar@example.net,Retail,SMB,40655685.83,Luis Sandoval,2023-09-23
SF-00537,Richard Jones,schmidtjames@example.com,Manufacturing,SMB,10299994.92,Matthew Thompson,2025-07-15
SF-00538,Meredith Hill,blackjames@example.org,Finance,Mid-Market,41770529.46,Mary Williams,2023-05-07
SF-00539,Casey Floyd,erobertson@example.org,Healthcare,SMB,43501372.75,Karen Fitzgerald,2025-01-16
SF-00540,Sheryl Acosta,timothyfreeman@example.com,Finance,Enterprise,10056159.23,Jermaine Cunningham,2024-09-03
SF-00541,Edward Garcia,donna47@example.net,Technology,Enterprise,37480765.5,Ashley Rodriguez,2024-07-15
SF-00542,Juan Smith,amanda40@example.net,Healthcare,SMB,29749844.99,Richard Dixon,2023-09-10
SF-00543,Edward Craig,gregorychase@example.com,Retail,SMB,22748740.27,Shane Rodriguez,2024-08-30
SF-00544,Kara Ferguson,julierobles@example.net,Retail,SMB,21439938.05,Marcus Miller,2025-12-13
SF-00545,Richard Walter,alyssa42@example.com,Healthcare,Mid-Market,15801958.8,Brian Robinson,2026-02-12
SF-00546,Jeffrey Johnson,mary31@example.com,Retail,SMB,32508809.01,Daniel Davidson,2024-06-18
SF-00547,Carol Jennings,ecarlson@example.org,Finance,SMB,260563.38,Catherine Durham,2025-01-21
SF-00548,Travis Stewart,pwells@example.com,Manufacturing,Mid-Market,33663030.26,Keith Walls,2025-11-20
SF-00549,Jaime Pierce,michael77@example.com,Finance,Enterprise,6833983.61,Mrs. Tonya Pace,2025-10-09
SF-00550,Jack Pollard,amy50@example.com,Healthcare,Enterprise,6975000.75,Kendra Martinez,2025-03-03
SF-00551,Amanda Diaz,christopherphillips@example.net,Finance,Enterprise,29219534.59,Andrew Young,2024-10-31
SF-00552,Nancy Wilson,pattersonangela@example.org,Manufacturing,SMB,45765030.26,Danny Taylor,2023-05-17
SF-00553,James Guerrero,jasonnavarro@example.com,Finance,SMB,37119872.06,Brandon Ross,2023-11-26
SF-00554,Richard Washington,joshuajones@example.com,Manufacturing,SMB,19874889.3,Bobby Joseph,2023-08-29
SF-00555,John Walker,sarahrose@example.net,Technology,Enterprise,25860301.32,Mark Davis,2025-03-25
SF-00556,Brandi Taylor,qgill@example.com,Healthcare,SMB,5719626.65,Laura Diaz,2025-06-20
SF-00557,Jason Day,crystalpham@example.org,Finance,Enterprise,7272549.63,Brooke Eaton,2025-08-27
SF-00558,Caroline Cortez,iwhite@example.net,Healthcare,SMB,33661449.1,Joshua Aguilar,2024-12-18
SF-00559,Andrew Graham,michaeljones@example.net,Finance,Enterprise,13242119.61,Tyler Brooks,2023-07-28
SF-00560,Amanda Pratt,pwalker@example.com,Healthcare,SMB,17521560.68,Brenda Wilkins,2025-12-12
SF-00561,Mrs. Brandy Jones MD,zosborn@example.net,Healthcare,Enterprise,46479679.05,Casey Adams,2024-02-16
SF-00562,James Harris,nicholasallen@example.org,Healthcare,Mid-Market,2031119.45,Meghan Lopez,2025-06-25
SF-00563,David Reeves,melaniejennings@example.com,Healthcare,Mid-Market,44951982.12,Clifford Marshall,2024-11-08
SF-00564,Laura Tran,christophervincent@example.com,Finance,Mid-Market,39626644.03,Jacob Meza,2024-08-10
SF-00565,Jennifer Allen,kimberly67@example.net,Healthcare,Enterprise,7553671.73,Tony Harrison,2025-09-26
SF-00566,Catherine Morales,ynelson@example.net,Healthcare,SMB,38597950.58,Stacy Miller,2025-10-17
SF-00567,Elizabeth Bauer,samantha65@example.org,Finance,Enterprise,2584202.15,Jill Williams,2023-12-15
SF-00568,Crystal Sullivan,jacobsandoval@example.com,Healthcare,SMB,25408080.88,Miranda Liu,2024-06-16
SF-00569,Jorge Harris,amandamyers@example.net,Technology,SMB,10909071.37,Eric Savage,2025-06-13
SF-00570,Carol Hughes,victor72@example.com,Technology,SMB,38872529.83,Ashley Compton,2023-12-10
SF-00571,Casey James,vincentwhitaker@example.com,Retail,SMB,4595013.42,Courtney Thornton,2023-03-31
SF-00572,Michael Paul,umatthews@example.org,Retail,SMB,9973254.4,Thomas Stein,2024-10-27
SF-00573,Michelle Brandt,rachelmedina@example.net,Technology,Mid-Market,39866044.85,Jennifer Patterson,2024-04-25
SF-00574,Michael Dixon,donnacampbell@example.net,Retail,SMB,18471139.15,Kristin Miller,2025-11-04
SF-00575,Raymond Gonzalez DVM,edwardrandolph@example.org,Technology,SMB,17936465.18,Vanessa Brown,2025-09-06
SF-00576,Mr. Ryan James,megan39@example.net,Healthcare,Mid-Market,34687340.31,Corey Williamson,2024-08-13
SF-00577,Sarah Villegas,lynchdiane@example.net,Retail,Mid-Market,46420984.71,Devin Smith,2025-10-24
SF-00578,Tammy Hughes,tammy00@example.net,Retail,Mid-Market,28115756.52,Emma Gray,2025-07-10
SF-00579,Brittany Larson,renee11@example.com,Healthcare,Enterprise,24935187.47,Ashley Kim,2025-10-30
SF-00580,Victoria Camacho,dwatts@example.org,Healthcare,SMB,18556916.86,William Yates,2023-12-10
SF-00581,Sharon Martinez DVM,dustinmorris@example.org,Technology,Mid-Market,20207084.66,Kim Silva,2023-11-22
SF-00582,Joseph Martinez,calebsmith@example.net,Finance,SMB,29711713.28,Kimberly Martinez,2025-02-02
SF-00583,Gina Mendez,tara37@example.net,Retail,Enterprise,46317882.96,Joshua Arnold,2024-09-03
SF-00584,Jesus Fitzgerald,aperez@example.com,Retail,Mid-Market,44083035.68,Anthony Heath,2024-03-30
SF-00585,Kenneth Stokes,vazquezjamie@example.com,Finance,SMB,6162069.84,Ashley Holmes,2023-06-05
SF-00586,Samantha Robertson,cameronmckinney@example.com,Technology,SMB,46386457.18,Elizabeth Walker DVM,2025-11-15
SF-00587,David Montgomery,kimberlywilson@example.org,Finance,SMB,26161949.66,Sandra Alexander,2024-11-01
SF-00588,Sheryl Gutierrez,vturner@example.net,Healthcare,Mid-Market,8828347.26,Robert Pearson II,2023-12-16
SF-00589,Tony Vazquez,amydavenport@example.net,Technology,Enterprise,10813160.86,Madeline Nicholson,2025-03-03
SF-00590,Raven Taylor,samantha72@example.net,Manufacturing,SMB,7368393.73,Andrea Gonzales,2024-08-22
SF-00591,Jose Bryant,hansenemily@example.com,Retail,Mid-Market,30902039.49,Jennifer Webb,2024-03-20
SF-00592,Robert Martinez,miaprice@example.com,Healthcare,SMB,9600671.78,Michael Stone,2024-06-21
SF-00593,Gregory Murray,justinbailey@example.net,Retail,SMB,45752128.28,Donna Sanford,2023-04-13
SF-00594,Stephanie Parker,jeremy54@example.org,Retail,Mid-Market,26581468.59,Walter Black,2024-06-18
SF-00595,Natasha Payne,qdavis@example.org,Healthcare,SMB,43070603.23,Joshua Welch,2023-04-07
SF-00596,Maria Hernandez,thomasjames@example.net,Finance,Mid-Market,11762048.0,Cameron Baker,2023-05-06
SF-00597,Derrick Thomas,ryanfisher@example.com,Retail,Mid-Market,7195452.95,Christian Martinez,2024-10-22
SF-00598,Pamela Castillo,tonypearson@example.org,Healthcare,SMB,35629936.74,Ruth White,2024-08-21
SF-00599,Steven Wright,hclayton@example.net,Manufacturing,Mid-Market,1188330.5,Rachel Black,2024-07-15
SF-00600,Lori Padilla,daltonchad@example.net,Manufacturing,Mid-Market,40088803.7,Robert Flowers,2025-01-06
SF-00601,Mr. Philip Cannon,donnaarroyo@example.org,Retail,SMB,20447672.61,Nancy Sims,2024-03-25
SF-00602,Tiffany Holloway,batesdarlene@example.net,Retail,Mid-Market,48451945.21,Donna Reynolds,2025-02-24
SF-00603,Anna Robertson,heather57@example.com,Technology,Mid-Market,28993755.8,William Cruz,2024-03-26
SF-00604,Erica Turner,valerieboyd@example.com,Retail,Mid-Market,39256201.61,April Nelson,2025-12-16
SF-00605,Andrew Hughes,smithsarah@example.net,Manufacturing,Mid-Market,1615306.15,Mary Hopkins,2023-05-03
SF-00606,Tammy Hines,melissaphillips@example.org,Retail,SMB,3568284.76,Justin Brown,2025-11-29
SF-00607,Angela Walsh,william20@example.org,Healthcare,SMB,10137728.06,Michaela Williams DDS,2025-03-27
SF-00608,Mark Oliver,courtneyberger@example.net,Retail,SMB,44123991.78,Jose Farmer,2026-02-10
SF-00609,Lisa Garrett,robertberry@example.com,Retail,Mid-Market,43170943.33,Anthony Taylor,2023-10-30
SF-00610,Peter Farrell,singhjohn@example.net,Manufacturing,SMB,49496683.99,Richard Fitzgerald,2025-10-01
SF-00611,Troy Stephens,myerstheodore@example.net,Manufacturing,Enterprise,36367912.69,Jerry Black,2024-02-26
SF-00612,Brenda Collins,hmueller@example.com,Retail,SMB,24538568.53,Lance Roberts,2023-07-11
SF-00613,Brittney Cordova,deborah47@example.com,Healthcare,Mid-Market,9011975.64,Kristina Cummings,2025-01-01
SF-00614,Elizabeth Price,mccoymichael@example.org,Technology,SMB,14340611.71,Sabrina Hunt,2023-08-23
SF-00615,John Smith,saramann@example.net,Manufacturing,SMB,17248119.06,Mark Becker,2023-10-03
SF-00616,Steve Davis,qmccoy@example.net,Retail,Mid-Market,11633170.86,Timothy Lucero,2023-05-25
SF-00617,Michael Powell,mark09@example.org,Finance,SMB,22485897.34,Christine Padilla,2024-09-08
SF-00618,Laura Coleman,thomas31@example.com,Healthcare,Enterprise,3243328.47,Anna Barnett,2025-10-17
SF-00619,Jennifer Moore,andersonrobert@example.net,Healthcare,Enterprise,20430965.24,Vincent Mccormick,2023-08-14
SF-00620,Mrs. Linda Reed,samuel81@example.com,Healthcare,SMB,24816936.9,Todd Haas,2025-08-06
SF-00621,Autumn Torres,kevin70@example.org,Retail,Enterprise,22589099.94,Jose Matthews,2024-12-21
SF-00622,Eric Hill,bellcharles@example.com,Finance,Enterprise,45042813.65,Alan Greene,2024-12-31
SF-00623,John Wilson,wwilliams@example.net,Manufacturing,SMB,11764947.48,Jennifer Hogan,2024-02-16
SF-00624,Christopher Gonzalez,moniquewilliams@example.com,Healthcare,Enterprise,26904909.71,Michele Cook,2024-10-03
SF-00625,Sandra Parker,allenashley@example.org,Healthcare,SMB,11337302.33,Kayla Anderson,2025-03-26
SF-00626,Carolyn Greer,laurahoover@example.org,Retail,Mid-Market,14117054.64,Steven Melendez,2026-01-08
SF-00627,Cheryl Ortega,lbyrd@example.net,Manufacturing,SMB,47512768.99,Connie Wells,2024-05-30
SF-00628,Mr. Alexander Alexander III,howardchristopher@example.net,Healthcare,Enterprise,12115957.95,Lauren Hickman,2025-08-10
SF-00629,Julie Ward,stephensonjeffrey@example.com,Healthcare,SMB,48034617.42,Kelsey Harris,2025-09-29
SF-00630,Todd Gregory,xboyd@example.org,Finance,SMB,34162922.04,Sara Fischer,2025-02-06
SF-00631,Heather Silva,dylanparker@example.com,Technology,SMB,36243441.44,Anthony Fields,2024-08-06
SF-00632,Patricia Robertson,stucker@example.net,Manufacturing,Mid-Market,45592640.21,Anita Murray,2026-02-23
SF-00633,Christian Dawson,jodistewart@example.org,Healthcare,SMB,41695854.26,Danny Scott,2024-12-26
SF-00634,Samantha Davis,marybrown@example.org,Healthcare,Mid-Market,4013107.25,Christopher Berry,2026-01-12
SF-00635,Susan Dillon,jenniferrice@example.com,Healthcare,Enterprise,36943725.41,Jason Collier,2024-07-03
SF-00636,William Evans,janet75@example.com,Manufacturing,SMB,5200205.36,Krista Johnson,2024-02-11
SF-00637,Dr. Steven Martin,gallowayjoseph@example.com,Manufacturing,Enterprise,40192965.33,Justin Day,2023-10-11
SF-00638,Craig Gonzalez,kristenpeterson@example.net,Finance,Mid-Market,6139765.36,Paul Cross,2024-07-19
SF-00639,Craig Gonzalez,marie35@example.net,Retail,SMB,23984555.46,Tonya Garrett,2024-05-25
SF-00640,Charlene Taylor,brownlarry@example.com,Manufacturing,Enterprise,49365577.74,Jill Morgan,2024-12-09
SF-00641,Jacqueline Mccoy,aguilarjonathan@example.org,Finance,Mid-Market,32215550.77,Kelsey Carroll,2025-03-09
SF-00642,Dana Santiago,danawilliams@example.com,Finance,SMB,15130819.43,Tara Williams,2025-03-07
SF-00643,Carlos Whitney,joycearnold@example.com,Manufacturing,Mid-Market,40208613.63,Tammy Nelson,2023-05-15
SF-00644,Robert Salas,fclark@example.com,Technology,Enterprise,11080210.83,Francis West,2023-12-26
SF-00645,Sarah Thompson,linda59@example.org,Technology,SMB,11702205.09,Julie Wilson,2023-12-10
SF-00646,Sharon Newton,yyoung@example.net,Technology,Mid-Market,22537697.94,Brett Jackson,2025-03-22
SF-00647,Karen Sosa,zadams@example.net,Finance,SMB,40728741.28,Michael Nguyen,2024-05-23
SF-00648,Mallory Gonzales,edgarhall@example.org,Manufacturing,SMB,20643460.15,Nancy White,2025-12-08
SF-00649,Destiny Brown,dcook@example.com,Manufacturing,Enterprise,22474558.83,Jessica Jenkins,2024-04-09
SF-00650,Diane Byrd MD,bsparks@example.com,Finance,Enterprise,14907763.95,Stephen Park,2023-08-02
SF-00651,Deborah Green,nlewis@example.com,Technology,Mid-Market,45235504.95,Sheila Cook,2024-01-20
SF-00652,Thomas Sanchez,vrhodes@example.org,Manufacturing,Mid-Market,26348390.72,Jesse Fox,2025-12-14
SF-00653,Jeffrey Solomon,ievans@example.net,Retail,SMB,18040901.11,Joshua Davis,2023-12-27
SF-00654,Anthony Hooper,dakota84@example.net,Manufacturing,SMB,32613981.72,Tracy Diaz,2024-06-13
SF-00655,Laura Walls,jonathan12@example.org,Retail,Mid-Market,4361415.07,Susan Rojas,2025-11-26
SF-00656,Sherry Wang,rmccormick@example.org,Retail,SMB,7570471.42,John Bruce,2025-07-26
SF-00657,Jordan Parsons,bgross@example.net,Manufacturing,SMB,22886341.66,Monique Carlson,2024-08-06
SF-00658,Amanda Robinson,shannonyoung@example.org,Technology,Mid-Market,31940084.23,Rachael Miller,2023-09-11
SF-00659,Andrea Davis,umitchell@example.net,Finance,Enterprise,617161.96,Gloria Walsh,2024-07-28
SF-00660,Jaclyn Crane,xrodriguez@example.net,Technology,Enterprise,11174653.09,Stephanie Holmes,2023-10-31
SF-00661,Ryan Sanchez,zwarren@example.com,Finance,SMB,39410343.72,Justin Cook,2024-05-21
SF-00662,Elizabeth Mccarthy,tjordan@example.net,Healthcare,Mid-Market,38394625.59,Scott Bradshaw,2025-09-18
SF-00663,Benjamin Neal,vjames@example.com,Technology,SMB,4562206.81,Daniel Watkins,2024-12-26
SF-00664,Tyler Montgomery,jennifermitchell@example.org,Healthcare,SMB,13215437.1,Stephanie Peters,2025-09-26
SF-00665,Julie Roberts,charleslandry@example.net,Finance,SMB,8101570.99,Joseph Williams,2024-03-07
SF-00666,Rebecca Hill,berryamy@example.com,Finance,Enterprise,33299537.42,Kristen Clay,2024-02-07
SF-00667,Thomas Curry,bryan79@example.org,Manufacturing,SMB,6831849.99,Belinda Chavez DVM,2024-07-17
SF-00668,Amanda Garner,qhughes@example.net,Manufacturing,Mid-Market,25193027.65,Sean Robles,2025-09-08
SF-00669,David Stokes,staceylam@example.net,Technology,SMB,34395104.33,Pam Patterson,2023-07-22
SF-00670,James Johnson,matthewreeves@example.net,Technology,SMB,38658537.87,Leslie Ramirez,2024-10-30
SF-00671,Bobby Hurst,susan11@example.org,Healthcare,Mid-Market,46487265.12,Erin Hobbs,2024-01-18
SF-00672,Angela Lewis,garciajerry@example.com,Healthcare,Enterprise,39423496.76,Chelsea Freeman,2025-08-13
SF-00673,Michael Johnson,walkermelissa@example.org,Finance,Mid-Market,16390353.45,Allison Stephens,2026-02-15
SF-00674,Eric Sullivan,jenningscandace@example.com,Healthcare,Mid-Market,3953558.26,Lisa Pham,2025-06-27
SF-00675,Michael Craig,zcoffey@example.net,Manufacturing,SMB,5802036.69,Abigail Hernandez,2024-10-27
SF-00676,Abigail Potter,osbornejeffery@example.net,Manufacturing,Enterprise,49218389.88,Carl Morgan,2024-11-14
SF-00677,Donna Sullivan,george97@example.net,Technology,SMB,13074095.41,Meredith Mendoza,2023-12-29
SF-00678,Jamie Montgomery,vwilliams@example.net,Healthcare,Enterprise,14350489.37,Jennifer Newman,2024-09-01
SF-00679,Jeremy Martinez,rangelnicholas@example.net,Technology,SMB,8792804.12,Kyle Ochoa,2025-10-09
SF-00680,John Harris,larryhiggins@example.net,Retail,SMB,34490432.09,Diane Santos,2024-03-31
SF-00681,Felicia Small,meyerdonna@example.com,Finance,Mid-Market,38899949.92,Michael Green,2023-12-27
SF-00682,Jennifer Lewis,verickson@example.net,Healthcare,SMB,18099099.36,Robert Mccormick,2026-01-18
SF-00683,Lee Lee,kimberlywang@example.org,Manufacturing,SMB,33524304.03,Alexander Lynch,2024-06-12
SF-00684,Margaret Hawkins DDS,perezantonio@example.com,Technology,Enterprise,32973927.53,Jessica Gilbert,2023-08-18
SF-00685,Jose Fisher,dominguezbrianna@example.com,Healthcare,Mid-Market,46016822.11,Andrea Acevedo,2025-07-18
SF-00686,Danielle Odonnell,davisrodney@example.com,Retail,SMB,48605722.41,Steven Pearson,2024-07-31
SF-00687,Jillian Wilson,bmcgee@example.org,Retail,SMB,23446954.38,Anna Olson,2025-09-19
SF-00688,Emily Herrera,barbararivera@example.com,Retail,Mid-Market,9894758.77,Jonathan Juarez,2023-10-11
SF-00689,Andrew Harper,sanchezbradley@example.com,Technology,SMB,40070759.03,Brittany Lee,2025-10-01
SF-00690,Brian Marsh,zacharyarnold@example.com,Technology,Mid-Market,3192904.06,Kiara Perez,2024-05-07
SF-00691,Matthew Bush,devonrogers@example.net,Retail,SMB,24011065.96,Andrew Charles,2024-02-14
SF-00692,Mrs. Melanie Collins,eric08@example.net,Retail,SMB,32598886.04,David Bennett,2024-06-21
SF-00693,Julie Banks,melissahenry@example.org,Technology,SMB,48936295.58,Deborah Goodman,2024-11-03
SF-00694,Sheila Bennett,charlesrichards@example.org,Finance,Mid-Market,18412940.54,Joseph Hughes,2025-04-06
SF-00695,Brittany Molina,icobb@example.com,Finance,SMB,20381446.55,Charles Little,2025-06-08
SF-00696,Christy Lee,burgesskaren@example.org,Technology,SMB,14549321.46,Ronald Lynch,2023-09-13
SF-00697,Amy Pena,jonesdonna@example.net,Healthcare,Enterprise,44511579.54,Jacob Garrett,2023-06-22
SF-00698,David Ortega,deborahwilliams@example.net,Healthcare,Mid-Market,27730908.56,Drew Becker,2023-08-19
SF-00699,David Trujillo,jennifer46@example.com,Retail,SMB,12005662.72,Dr. Vincent Davis,2025-09-23
SF-00700,Amanda Smith,atkinsbarbara@example.net,Retail,SMB,29972067.66,Eric Smith,2024-09-07
